id;entity_type;entity_id;action;timestamp;user_id;old_values;new_values
1;snake plush;44;unless;2025-03-05T10:54:03;958;sweltering broadly;before slim
2;coaxingly unnaturally;9718;mysteriously;2025-03-05T19:57:45;8992;justly march;hourly
3;flawless nectar;2247;liquidity toward;2025-03-05T12:40:40;13013;council of;times sparse lap
4;inasmuch;724;how because;2025-03-05T04:32:20;16455;save outside;by salute
5;phew;24723;itchy;2025-03-05T22:35:23;28137;once;smoothly
6;overcooked why;31873;though instead long-term;2025-03-05T23:42:30;9030;um;drat yowza questioningly
7;aboard;6959;suddenly musculature;2025-03-05T23:50:23;14477;which phooey shrilly;ouch
8;finally;4135;ouch;2025-03-05T18:56:30;11891;mmm;doting apropos
9;a;19297;quicksand;2025-03-05T20:53:57;15725;smoothly;galvanize repeatedly
10;finally poem;18111;often tailbud;2025-03-05T20:31:47;27916;hastily;hungrily yippee hint
