id;user_id;timesheet_id;date;type;message;severity;status;created_at;resolved_at;resolution
1;7842;24258;2025-03-05;provided loiter before;huzzah extra-small;zowie;gadzooks venom bronze;2025-03-05T20:41:23;2025-03-05T12:10:52;what
2;7880;29095;2025-03-05;pipe;ouch;once;fold foot eschew;2025-03-05T19:14:28;2025-03-05T04:57:27;inquisitively foolish
3;7361;13824;2025-03-05;jovial;but;meanwhile yum;than;2025-03-05T05:27:26;2025-03-06T01:30:05;mechanically canine nor
4;9288;18060;2025-03-05;supposing gee;officially apropos;barter anenst;yowza;2025-03-05T03:15:45;2025-03-05T20:43:11;concerning yum oar
5;4836;9919;2025-03-06;psst woot mysterious;consequently review;for briefly;magazine;2025-03-05T15:17:22;2025-03-05T16:07:04;without meaningfully
6;30105;15321;2025-03-05;likable chauffeur including;able;gladly aw;an lest aside;2025-03-06T01:03:33;2025-03-06T00:32:46;ack including
7;20292;9698;2025-03-05;drummer ah indeed;meek trim;softly mulch applause;zowie consequently oh;2025-03-05T10:31:26;2025-03-05T22:56:10;atop frightfully whenever
8;28288;24360;2025-03-05;onto jovially massive;stray rowdy yahoo;rinse kindheartedly good;defrock geez;2025-03-05T02:56:46;2025-03-05T06:17:04;how usefully although
9;24760;17250;2025-03-05;hmph;extra-large considerate aha;when hm;ah;2025-03-05T04:09:24;2025-03-06T02:23:23;maximum from
10;8111;31715;2025-03-05;pish more why;grizzled but;carjack hmph;yum hoon tile;2025-03-05T07:08:37;2025-03-05T23:47:41;unlike capitulate frightfully
